Status,Size,Language,Path,URL,Title
403,1242,Unknown,wp-includes/,https://sman1dramaga.sch.id/wp-includes/,
403,56,PHP,phpmyadmin/,https://sman1dramaga.sch.id/phpmyadmin/,
403,56,Unknown,pma/,https://sman1dramaga.sch.id/pma/,
200,0,WordPress,wp-content/,https://sman1dramaga.sch.id/wp-content/,
403,1242,Unknown,.htaccess,https://sman1dramaga.sch.id/.htaccess,
403,1242,Unknown,cgi-bin/,https://sman1dramaga.sch.id/cgi-bin/,
403,1242,Unknown,.git/,https://sman1dramaga.sch.id/.git/,
403,1242,Unknown,.git/HEAD,https://sman1dramaga.sch.id/.git/HEAD,
403,1242,Unknown,.htaccess,https://sman1dramaga.sch.id/.htaccess,
